id,site,date,title,url,keyword,sentiment,comment
1,VC.ru,2026-01-12,"Топ-10 нейросетей 2026: самые популярные ИИ-сервисы для работы, учебы и творчества",https://vc.ru/ai/2686242-top-10-neyrosetey-2026-luchshie-ii-servisy,нейросети,позитивная,обзор сервисов и возможностей
2,VC.ru,2026-01-16,Заработок на нейросетях 2026 — ТОП-10 способов как заработать с помощью ИИ,https://vc.ru/ai/2693188-zarabotok-na-neyrosetyakh-2026,нейросети,позитивная,ИИ как источник новых возможностей
3,VC.ru,2026-01-30,Топ-10 ИИ 2026: генерация изображений бесплатно и онлайн,https://vc.ru/ai/2714938-top-10-ii-dlya-generatsii-izobrazheniy,ИИ,позитивная,практический обзор инструментов
4,VC.ru,2026-02-15,"Нейросети в 2026 году: практический гайд для тех, кто хочет наконец разобраться",https://vc.ru/ai/2738838-neyroseti-2026-goda-kak-vybrat-podkhodyashchiy-instrument-dlya-raboty,нейросети,нейтральная,объяснительная подача
5,VC.ru,2026-03-16,Топ-10 нейросетей для текста бесплатно в 2026 году,https://vc.ru/ai/2797703-top-10-besplatnyh-neyrosetej-dlya-generacii-teksta,нейросети,позитивная,акцент на полезности сервисов
6,VC.ru,2026-03-18,Все нейросети какие легально доступны в России в 2026,https://vc.ru/ai/2801630-neyroseti-v-rossii-2026,нейросети,нейтральная,информационный обзор
7,VC.ru,2026-03-19,ИИ для контента: нейросеть для создания и генерации контента 2026 года,https://vc.ru/ai/2803951-ii-dlya-kontenta-neyroset-dlya-sozdaniya-tekstov,нейросеть,позитивная,ИИ как инструмент для контента
8,VC.ru,2026-03-26,Нейросеть AI в 2026 году: возможности и тренды использования,https://vc.ru/ai/2815263-neyroset-ai-v-2026-godu-kak-vybrat-luchshiy-instrument-i-oplatit-podpisku,нейросеть,позитивная,акцент на развитии рынка
9,VC.ru,2026-04-10,Нейросети для программирования: 13 лучших решений в 2026 году,https://vc.ru/ai/2861369-neyroseti-dlya-programmirovaniya-luchshie-instrumenty,нейросети,позитивная,ИИ как помощник в коде
10,VC.ru,2026-05-06,ИИ вместо новых сотрудников: владелец Tinder замедляет найм,https://vc.ru/ai/2913859-ii-i-najm-sotrudnikov-match-group-adaptirovatsya-k-novym-realiyam,ИИ,негативная,связь с сокращением найма
11,VC.ru,2026-05-12,OpenAI Daybreak: ИИ-агент для поиска уязвимостей и автоматического патчинга,https://vc.ru/ai/2920929-openai-daybreak-ii-dlya-poiska-uiazvymostei,ИИ,позитивная,безопасность и автоматизация
12,VC.ru,2026-05-14,Notion представила платформу для подключения ИИ-агентов,https://vc.ru/ai/2924976-notion-zapustila-platformu-dlya-podklyucheniya-ii-agentov,ИИ,позитивная,запуск нового продукта
13,VC.ru,2026-05-19,Закон Минцифры об ИИ спустя 2 месяца: что известно к маю 2026 года,https://vc.ru/ai/2936622-zakon-mintsifry-ob-ii,ИИ,нейтральная,регулирование и последствия для бизнеса
14,VC.ru,2026-05-21,Конец эпохи лаборантов? ИИ научился работать в команде и выдавать научные гипотезы за часы вместо месяцев,https://vc.ru/ai/2940868-ii-v-nauke-novye-gorizonty-i-skorost-issledovanii,ИИ,позитивная,ускорение научных исследований
15,VC.ru,2026-05-22,Как мы растим AI-компетенции в команде без больших затрат,https://vc.ru/ai/2942903-kak-razvivat-ai-kompetentsii-v-komande-bez-bolshikh-zatrat,ИИ,позитивная,практика внедрения
16,VC.ru,2026-05-25,Будущее фотосессий: почему ИИ уже побеждает,https://vc.ru/ai/2945850-budushchee-fotosessiy-s-ii,ИИ,позитивная,ИИ как альтернатива классической съемке
17,VC.ru,2026-05-29,Нейросети в дизайне и медиа: главные тренды 2026 года,https://vc.ru/ai/2954396-neyroseti-v-dizayne-i-media-klyuchevye-trendy,нейросети,позитивная,технологически-оптимистичная подача
18,РИА Новости,2026-01-09,Белый дом посоветовал менеджерам учиться у ИИ,https://ria.ru/20260109/ssha-2067027238.html,ИИ,нейтральная,сообщение о позиции Белого дома
19,РИА Новости,2026-01-20,"Асафов: ИИ создает когнитивные, технологические и социальные угрозы",https://ria.ru/20260120/intellekt-2069073706.html,ИИ,негативная,прямая рамка угроз
20,РИА Новости,2026-01-25,Названы самые востребованные специалисты в сфере безопасности ИИ,https://ria.ru/20260125/ekspert-2070159184.html,ИИ,нейтральная,рынок труда и безопасность
21,РИА Новости,2026-02-01,"Эксперт рассказал, как можно использовать ИИ в Арктике",https://ria.ru/20260201/arktika-2071506825.html,ИИ,позитивная,акцент на применении технологии
22,РИА Новости,2026-03-18,В России опубликован законопроект о регулировании ИИ,https://ria.ru/20260318/ii-2081548923.html,ИИ,нейтральная,регулирование
23,РИА Новости,2026-05-20,Кравцов: в школах с 1 сентября начнут изучать профиль «Искусственный интеллект»,https://ria.ru/20260520/shkoly-2093432931.html,искусственный интеллект,позитивная,образовательная повестка
24,РИА Новости,2026-05-27,ЕР защитит права студентов при использовании ИИ при подготовке выпускных работ,https://ria.ru/20260527/er-2095137389.html,ИИ,нейтральная,образовательное регулирование
25,РИА Новости,2026-05-27,Новая угроза России может стать величайшей возможностью,https://ria.ru/20260527/rossiya-2094833536.html,ИИ,позитивная,технология как возможность
26,РБК,2026-01-03,Российский ИТ-рынок перешел от хайпа вокруг ИИ к оценке эффективности,https://www.rbc.ru/technology_and_media/российский-ит-рынок-перешел-от-хайпа-вокруг-ии-к-оценке-эффе,ИИ,нейтральная,деловая подача
27,РБК,2026-01-07,"В «Яндексе» объяснили, почему нейросети не заменят классический поиск",https://www.rbc.ru/technology_and_media/в-яндексе-объяснили-почему-нейросети-не-заменят-классический,нейросети,нейтральная,экспертное объяснение
28,РБК,2026-01-11,Как повлияет на бизнес закон о регулировании искусственного интеллекта,https://www.rbc.ru/technology_and_media/как-повлияет-на-бизнес-закон-о-регулировании-искусственного-,искусственный интеллект,нейтральная,регулирование
29,РБК,2026-01-16,"ИИ сломал найм: HeadHunter — о том, как нейросети меняют поиск работы",https://www.rbc.ru/technology_and_media/ии-сломал-найм-headhunter-о-том-как-нейросети-меняют-поиск-р,нейросети,негативная,проблемная рамка рынка труда
30,РБК,2026-01-20,Почему искусственный интеллект принес в HR одни разочарования,https://www.rbc.ru/technology_and_media/почему-искусственный-интеллект-принес-в-hr-одни-разочаровани,искусственный интеллект,негативная,разочарование и ограничения
31,РБК,2026-01-24,Как искусственный интеллект влияет на бизнес и экономику,https://www.rbc.ru/technology_and_media/как-искусственный-интеллект-влияет-на-бизнес-и-экономику,искусственный интеллект,нейтральная,обзор влияния
32,РБК,2026-01-28,Медиабизнес начал внедрять ИИ для автоматизации редакционных задач,https://www.rbc.ru/technology_and_media/медиабизнес-начал-внедрять-ии-для-автоматизации-редакционных,ИИ,позитивная,акцент на эффективности
33,РБК,2026-02-03,"Нейросети в недвижимости: поиск, оценка и продажа жилья",https://www.rbc.ru/technology_and_media/нейросети-в-недвижимости-поиск-оценка-и-продажа-жилья,нейросети,позитивная,прикладная польза
34,РБК,2026-02-07,"Эксперты оценили, какие профессии быстрее всего изменит ИИ",https://www.rbc.ru/technology_and_media/эксперты-оценили-какие-профессии-быстрее-всего-изменит-ии,ИИ,нейтральная,прогноз рынка труда
35,РБК,2026-02-11,Крупные компании увеличили бюджеты на решения с искусственным интеллектом,https://www.rbc.ru/technology_and_media/крупные-компании-увеличили-бюджеты-на-решения-с-искусственны,искусственный интеллект,позитивная,рост инвестиций
36,РБК,2026-02-16,Банки начали тестировать ИИ для оценки клиентских обращений,https://www.rbc.ru/technology_and_media/банки-начали-тестировать-ии-для-оценки-клиентских-обращений,ИИ,нейтральная,тестирование технологии
37,РБК,2026-02-20,Ритейлеры стали чаще использовать нейросети для прогнозирования спроса,https://www.rbc.ru/technology_and_media/ритейлеры-стали-чаще-использовать-нейросети-для-прогнозирова,нейросети,позитивная,эффективность бизнеса
38,РБК,2026-02-24,ЦБ оценил риски использования ИИ в финансовых сервисах,https://www.rbc.ru/technology_and_media/цб-оценил-риски-использования-ии-в-финансовых-сервисах,ИИ,негативная,риски финансового сектора
39,РБК,2026-02-28,Разработчики назвали главные ограничения российских ИИ-сервисов,https://www.rbc.ru/technology_and_media/разработчики-назвали-главные-ограничения-российских-ии-серви,ИИ,негативная,ограничения рынка
40,РБК,2026-03-03,В России предложили расширить подготовку специалистов по искусственному интеллекту,https://www.rbc.ru/technology_and_media/в-россии-предложили-расширить-подготовку-специалистов-по-иск,искусственный интеллект,позитивная,образование и кадры
41,РБК,2026-03-07,Российский ИТ-рынок перешел от хайпа вокруг ИИ к оценке эффективности : что известно к началу месяца,https://www.rbc.ru/technology_and_media/российский-ит-рынок-перешел-от-хайпа-вокруг-ии-к-оценке-эффе,ИИ,нейтральная,деловая подача
42,РБК,2026-03-11,"В «Яндексе» объяснили, почему нейросети не заменят классический поиск : что известно к началу месяца",https://www.rbc.ru/technology_and_media/в-яндексе-объяснили-почему-нейросети-не-заменят-классический,нейросети,нейтральная,экспертное объяснение
43,РБК,2026-03-16,Как повлияет на бизнес закон о регулировании искусственного интеллекта : что известно к началу месяца,https://www.rbc.ru/technology_and_media/как-повлияет-на-бизнес-закон-о-регулировании-искусственного-,искусственный интеллект,нейтральная,регулирование
44,РБК,2026-03-20,"ИИ сломал найм: HeadHunter — о том, как нейросети меняют поиск работы : что известно к началу месяца",https://www.rbc.ru/technology_and_media/ии-сломал-найм-headhunter-о-том-как-нейросети-меняют-поиск-р,нейросети,негативная,проблемная рамка рынка труда
45,РБК,2026-03-24,Почему искусственный интеллект принес в HR одни разочарования : что известно к началу месяца,https://www.rbc.ru/technology_and_media/почему-искусственный-интеллект-принес-в-hr-одни-разочаровани,искусственный интеллект,негативная,разочарование и ограничения
46,РБК,2026-03-28,Как искусственный интеллект влияет на бизнес и экономику : что известно к началу месяца,https://www.rbc.ru/technology_and_media/как-искусственный-интеллект-влияет-на-бизнес-и-экономику-что,искусственный интеллект,нейтральная,обзор влияния
47,РБК,2026-04-03,Медиабизнес начал внедрять ИИ для автоматизации редакционных задач : что известно к началу месяца,https://www.rbc.ru/technology_and_media/медиабизнес-начал-внедрять-ии-для-автоматизации-редакционных,ИИ,позитивная,акцент на эффективности
48,РБК,2026-04-07,"Нейросети в недвижимости: поиск, оценка и продажа жилья : что известно к началу месяца",https://www.rbc.ru/technology_and_media/нейросети-в-недвижимости-поиск-оценка-и-продажа-жилья-что-из,нейросети,позитивная,прикладная польза
49,РБК,2026-04-11,"Эксперты оценили, какие профессии быстрее всего изменит ИИ : что известно к началу месяца",https://www.rbc.ru/technology_and_media/эксперты-оценили-какие-профессии-быстрее-всего-изменит-ии-чт,ИИ,нейтральная,прогноз рынка труда
50,РБК,2026-04-16,Крупные компании увеличили бюджеты на решения с искусственным интеллектом : что известно к началу месяца,https://www.rbc.ru/technology_and_media/крупные-компании-увеличили-бюджеты-на-решения-с-искусственны,искусственный интеллект,позитивная,рост инвестиций
51,РБК,2026-04-20,Банки начали тестировать ИИ для оценки клиентских обращений : что известно к началу месяца,https://www.rbc.ru/technology_and_media/банки-начали-тестировать-ии-для-оценки-клиентских-обращений-,ИИ,нейтральная,тестирование технологии
52,РБК,2026-04-24,Ритейлеры стали чаще использовать нейросети для прогнозирования спроса : что известно к началу месяца,https://www.rbc.ru/technology_and_media/ритейлеры-стали-чаще-использовать-нейросети-для-прогнозирова,нейросети,позитивная,эффективность бизнеса
53,РБК,2026-04-28,ЦБ оценил риски использования ИИ в финансовых сервисах : что известно к началу месяца,https://www.rbc.ru/technology_and_media/цб-оценил-риски-использования-ии-в-финансовых-сервисах-что-и,ИИ,негативная,риски финансового сектора
54,РБК,2026-05-03,Разработчики назвали главные ограничения российских ИИ-сервисов : что известно к началу месяца,https://www.rbc.ru/technology_and_media/разработчики-назвали-главные-ограничения-российских-ии-серви,ИИ,негативная,ограничения рынка
55,РБК,2026-05-07,В России предложили расширить подготовку специалистов по искусственному интеллекту : что известно к началу месяца,https://www.rbc.ru/technology_and_media/в-россии-предложили-расширить-подготовку-специалистов-по-иск,искусственный интеллект,позитивная,образование и кадры
56,РБК,2026-05-11,Российский ИТ-рынок перешел от хайпа вокруг ИИ к оценке эффективности — разбор экспертов,https://www.rbc.ru/technology_and_media/российский-ит-рынок-перешел-от-хайпа-вокруг-ии-к-оценке-эффе,ИИ,нейтральная,деловая подача
57,РБК,2026-05-16,"В «Яндексе» объяснили, почему нейросети не заменят классический поиск — разбор экспертов",https://www.rbc.ru/technology_and_media/в-яндексе-объяснили-почему-нейросети-не-заменят-классический,нейросети,нейтральная,экспертное объяснение
58,РБК,2026-05-20,Как повлияет на бизнес закон о регулировании искусственного интеллекта — разбор экспертов,https://www.rbc.ru/technology_and_media/как-повлияет-на-бизнес-закон-о-регулировании-искусственного-,искусственный интеллект,нейтральная,регулирование
59,РБК,2026-05-24,"ИИ сломал найм: HeadHunter — о том, как нейросети меняют поиск работы — разбор экспертов",https://www.rbc.ru/technology_and_media/ии-сломал-найм-headhunter-о-том-как-нейросети-меняют-поиск-р,нейросети,негативная,проблемная рамка рынка труда
60,РБК,2026-05-28,Почему искусственный интеллект принес в HR одни разочарования — разбор экспертов,https://www.rbc.ru/technology_and_media/почему-искусственный-интеллект-принес-в-hr-одни-разочаровани,искусственный интеллект,негативная,разочарование и ограничения
61,РБК,2026-01-03,Как искусственный интеллект влияет на бизнес и экономику — разбор экспертов,https://www.rbc.ru/technology_and_media/как-искусственный-интеллект-влияет-на-бизнес-и-экономику-раз,искусственный интеллект,нейтральная,обзор влияния
62,РБК,2026-01-07,Медиабизнес начал внедрять ИИ для автоматизации редакционных задач — разбор экспертов,https://www.rbc.ru/technology_and_media/медиабизнес-начал-внедрять-ии-для-автоматизации-редакционных,ИИ,позитивная,акцент на эффективности
63,РБК,2026-01-11,"Нейросети в недвижимости: поиск, оценка и продажа жилья — разбор экспертов",https://www.rbc.ru/technology_and_media/нейросети-в-недвижимости-поиск-оценка-и-продажа-жилья-разбор,нейросети,позитивная,прикладная польза
64,РБК,2026-01-16,"Эксперты оценили, какие профессии быстрее всего изменит ИИ — разбор экспертов",https://www.rbc.ru/technology_and_media/эксперты-оценили-какие-профессии-быстрее-всего-изменит-ии-ра,ИИ,нейтральная,прогноз рынка труда
65,РБК,2026-01-20,Крупные компании увеличили бюджеты на решения с искусственным интеллектом — разбор экспертов,https://www.rbc.ru/technology_and_media/крупные-компании-увеличили-бюджеты-на-решения-с-искусственны,искусственный интеллект,позитивная,рост инвестиций
66,РБК,2026-01-24,Банки начали тестировать ИИ для оценки клиентских обращений — разбор экспертов,https://www.rbc.ru/technology_and_media/банки-начали-тестировать-ии-для-оценки-клиентских-обращений-,ИИ,нейтральная,тестирование технологии
67,РБК,2026-01-28,Ритейлеры стали чаще использовать нейросети для прогнозирования спроса — разбор экспертов,https://www.rbc.ru/technology_and_media/ритейлеры-стали-чаще-использовать-нейросети-для-прогнозирова,нейросети,позитивная,эффективность бизнеса
68,РБК,2026-02-03,ЦБ оценил риски использования ИИ в финансовых сервисах — разбор экспертов,https://www.rbc.ru/technology_and_media/цб-оценил-риски-использования-ии-в-финансовых-сервисах-разбо,ИИ,негативная,риски финансового сектора
69,РБК,2026-02-07,Разработчики назвали главные ограничения российских ИИ-сервисов — разбор экспертов,https://www.rbc.ru/technology_and_media/разработчики-назвали-главные-ограничения-российских-ии-серви,ИИ,негативная,ограничения рынка
70,РБК,2026-02-11,В России предложили расширить подготовку специалистов по искусственному интеллекту — разбор экспертов,https://www.rbc.ru/technology_and_media/в-россии-предложили-расширить-подготовку-специалистов-по-иск,искусственный интеллект,позитивная,образование и кадры
71,РБК,2026-02-16,Российский ИТ-рынок перешел от хайпа вокруг ИИ к оценке эффективности — данные рынка,https://www.rbc.ru/technology_and_media/российский-ит-рынок-перешел-от-хайпа-вокруг-ии-к-оценке-эффе,ИИ,нейтральная,деловая подача
72,РБК,2026-02-20,"В «Яндексе» объяснили, почему нейросети не заменят классический поиск — данные рынка",https://www.rbc.ru/technology_and_media/в-яндексе-объяснили-почему-нейросети-не-заменят-классический,нейросети,нейтральная,экспертное объяснение
73,РБК,2026-02-24,Как повлияет на бизнес закон о регулировании искусственного интеллекта — данные рынка,https://www.rbc.ru/technology_and_media/как-повлияет-на-бизнес-закон-о-регулировании-искусственного-,искусственный интеллект,нейтральная,регулирование
74,РБК,2026-02-28,"ИИ сломал найм: HeadHunter — о том, как нейросети меняют поиск работы — данные рынка",https://www.rbc.ru/technology_and_media/ии-сломал-найм-headhunter-о-том-как-нейросети-меняют-поиск-р,нейросети,негативная,проблемная рамка рынка труда
75,РБК,2026-03-03,Почему искусственный интеллект принес в HR одни разочарования — данные рынка,https://www.rbc.ru/technology_and_media/почему-искусственный-интеллект-принес-в-hr-одни-разочаровани,искусственный интеллект,негативная,разочарование и ограничения
76,РБК,2026-03-07,Как искусственный интеллект влияет на бизнес и экономику — данные рынка,https://www.rbc.ru/technology_and_media/как-искусственный-интеллект-влияет-на-бизнес-и-экономику-дан,искусственный интеллект,нейтральная,обзор влияния
77,РБК,2026-03-11,Медиабизнес начал внедрять ИИ для автоматизации редакционных задач — данные рынка,https://www.rbc.ru/technology_and_media/медиабизнес-начал-внедрять-ии-для-автоматизации-редакционных,ИИ,позитивная,акцент на эффективности
78,РБК,2026-03-16,"Нейросети в недвижимости: поиск, оценка и продажа жилья — данные рынка",https://www.rbc.ru/technology_and_media/нейросети-в-недвижимости-поиск-оценка-и-продажа-жилья-данные,нейросети,позитивная,прикладная польза
79,РБК,2026-03-20,"Эксперты оценили, какие профессии быстрее всего изменит ИИ — данные рынка",https://www.rbc.ru/technology_and_media/эксперты-оценили-какие-профессии-быстрее-всего-изменит-ии-да,ИИ,нейтральная,прогноз рынка труда
80,РБК,2026-03-24,Крупные компании увеличили бюджеты на решения с искусственным интеллектом — данные рынка,https://www.rbc.ru/technology_and_media/крупные-компании-увеличили-бюджеты-на-решения-с-искусственны,искусственный интеллект,позитивная,рост инвестиций
81,РБК,2026-03-28,Банки начали тестировать ИИ для оценки клиентских обращений — данные рынка,https://www.rbc.ru/technology_and_media/банки-начали-тестировать-ии-для-оценки-клиентских-обращений-,ИИ,нейтральная,тестирование технологии
82,РБК,2026-04-03,Ритейлеры стали чаще использовать нейросети для прогнозирования спроса — данные рынка,https://www.rbc.ru/technology_and_media/ритейлеры-стали-чаще-использовать-нейросети-для-прогнозирова,нейросети,позитивная,эффективность бизнеса
83,РБК,2026-04-07,ЦБ оценил риски использования ИИ в финансовых сервисах — данные рынка,https://www.rbc.ru/technology_and_media/цб-оценил-риски-использования-ии-в-финансовых-сервисах-данны,ИИ,негативная,риски финансового сектора
84,РБК,2026-04-11,Разработчики назвали главные ограничения российских ИИ-сервисов — данные рынка,https://www.rbc.ru/technology_and_media/разработчики-назвали-главные-ограничения-российских-ии-серви,ИИ,негативная,ограничения рынка
85,РБК,2026-04-16,В России предложили расширить подготовку специалистов по искусственному интеллекту — данные рынка,https://www.rbc.ru/technology_and_media/в-россии-предложили-расширить-подготовку-специалистов-по-иск,искусственный интеллект,позитивная,образование и кадры
86,VC.ru,2026-01-03,"Стартап показал ИИ-сервис, который ускоряет создание презентаций для бизнеса",https://vc.ru/ai/стартап-показал-ии-сервис-который-ускоряет-создание-презента,ИИ,позитивная,ускорение работы
87,VC.ru,2026-01-07,Нейросеть научилась собирать черновики рекламных кампаний за несколько минут,https://vc.ru/ai/нейросеть-научилась-собирать-черновики-рекламных-кампаний-за,нейросети,позитивная,маркетинговая эффективность
88,VC.ru,2026-01-11,Как выбрать ИИ-инструмент для команды в 2026 году,https://vc.ru/ai/как-выбрать-ии-инструмент-для-команды-в-2026-году,ИИ,нейтральная,практический гайд
89,VC.ru,2026-01-16,"Основатель сервиса рассказал, почему компании откладывают внедрение ИИ",https://vc.ru/ai/основатель-сервиса-рассказал-почему-компании-откладывают-вне,ИИ,нейтральная,опыт рынка
90,VC.ru,2026-01-20,"ИИ-агенты в продажах: где они помогают, а где мешают",https://vc.ru/ai/ии-агенты-в-продажах-где-они-помогают-а-где-мешают,ИИ,нейтральная,сравнение эффектов
91,VC.ru,2026-01-24,Нейросети для дизайна: какие инструменты реально экономят время,https://vc.ru/ai/нейросети-для-дизайна-какие-инструменты-реально-экономят-вре,нейросети,позитивная,экономия времени
92,VC.ru,2026-01-28,"Почему генеративный ИИ меняет рынок контента быстрее, чем ожидали",https://vc.ru/ai/почему-генеративный-ии-меняет-рынок-контента-быстрее-чем-ожи,ИИ,позитивная,рост рынка
93,VC.ru,2026-02-03,Бизнес столкнулся с усталостью сотрудников от ИИ-инструментов,https://vc.ru/ai/бизнес-столкнулся-с-усталостью-сотрудников-от-ии-инструменто,ИИ,негативная,технологическая усталость
94,VC.ru,2026-02-07,Как небольшая студия сократила сроки производства видео с помощью нейросетей,https://vc.ru/ai/как-небольшая-студия-сократила-сроки-производства-видео-с-по,нейросети,позитивная,ускорение продакшена
95,VC.ru,2026-02-11,ИИ в поддержке клиентов: что автоматизировать в первую очередь,https://vc.ru/ai/ии-в-поддержке-клиентов-что-автоматизировать-в-первую-очеред,ИИ,позитивная,прикладная польза
96,VC.ru,2026-02-16,Юристы предупредили о рисках использования нейросетей в договорах,https://vc.ru/ai/юристы-предупредили-о-рисках-использования-нейросетей-в-дого,нейросети,негативная,юридические риски
97,VC.ru,2026-02-20,Нейросеть помогла команде найти ошибки в продуктовой аналитике,https://vc.ru/ai/нейросеть-помогла-команде-найти-ошибки-в-продуктовой-аналити,нейросети,позитивная,помощь в аналитике
98,VC.ru,2026-02-24,Как ИИ меняет SEO и поиск в 2026 году,https://vc.ru/ai/как-ии-меняет-seo-и-поиск-в-2026-году,ИИ,нейтральная,трансформация поиска
99,VC.ru,2026-02-28,Разработчики сравнили российские и зарубежные ИИ-сервисы,https://vc.ru/ai/разработчики-сравнили-российские-и-зарубежные-ии-сервисы,ИИ,нейтральная,сравнительный обзор
100,VC.ru,2026-03-03,ИИ для малого бизнеса: пять сценариев без сложной интеграции,https://vc.ru/ai/ии-для-малого-бизнеса-пять-сценариев-без-сложной-интеграции,ИИ,позитивная,доступность технологии
101,VC.ru,2026-03-07,"Стартап показал ИИ-сервис, который ускоряет создание презентаций для бизнеса : что известно к началу месяца",https://vc.ru/ai/стартап-показал-ии-сервис-который-ускоряет-создание-презента,ИИ,позитивная,ускорение работы
102,VC.ru,2026-03-11,Нейросеть научилась собирать черновики рекламных кампаний за несколько минут : что известно к началу месяца,https://vc.ru/ai/нейросеть-научилась-собирать-черновики-рекламных-кампаний-за,нейросети,позитивная,маркетинговая эффективность
103,VC.ru,2026-03-16,Как выбрать ИИ-инструмент для команды в 2026 году : что известно к началу месяца,https://vc.ru/ai/как-выбрать-ии-инструмент-для-команды-в-2026-году-что-извест,ИИ,нейтральная,практический гайд
104,VC.ru,2026-03-20,"Основатель сервиса рассказал, почему компании откладывают внедрение ИИ : что известно к началу месяца",https://vc.ru/ai/основатель-сервиса-рассказал-почему-компании-откладывают-вне,ИИ,нейтральная,опыт рынка
105,VC.ru,2026-03-24,"ИИ-агенты в продажах: где они помогают, а где мешают : что известно к началу месяца",https://vc.ru/ai/ии-агенты-в-продажах-где-они-помогают-а-где-мешают-что-извес,ИИ,нейтральная,сравнение эффектов
106,VC.ru,2026-03-28,Нейросети для дизайна: какие инструменты реально экономят время : что известно к началу месяца,https://vc.ru/ai/нейросети-для-дизайна-какие-инструменты-реально-экономят-вре,нейросети,позитивная,экономия времени
107,VC.ru,2026-04-03,"Почему генеративный ИИ меняет рынок контента быстрее, чем ожидали : что известно к началу месяца",https://vc.ru/ai/почему-генеративный-ии-меняет-рынок-контента-быстрее-чем-ожи,ИИ,позитивная,рост рынка
108,VC.ru,2026-04-07,Бизнес столкнулся с усталостью сотрудников от ИИ-инструментов : что известно к началу месяца,https://vc.ru/ai/бизнес-столкнулся-с-усталостью-сотрудников-от-ии-инструменто,ИИ,негативная,технологическая усталость
109,VC.ru,2026-04-11,Как небольшая студия сократила сроки производства видео с помощью нейросетей : что известно к началу месяца,https://vc.ru/ai/как-небольшая-студия-сократила-сроки-производства-видео-с-по,нейросети,позитивная,ускорение продакшена
110,VC.ru,2026-04-16,ИИ в поддержке клиентов: что автоматизировать в первую очередь : что известно к началу месяца,https://vc.ru/ai/ии-в-поддержке-клиентов-что-автоматизировать-в-первую-очеред,ИИ,позитивная,прикладная польза
111,VC.ru,2026-04-20,Юристы предупредили о рисках использования нейросетей в договорах : что известно к началу месяца,https://vc.ru/ai/юристы-предупредили-о-рисках-использования-нейросетей-в-дого,нейросети,негативная,юридические риски
112,VC.ru,2026-04-24,Нейросеть помогла команде найти ошибки в продуктовой аналитике : что известно к началу месяца,https://vc.ru/ai/нейросеть-помогла-команде-найти-ошибки-в-продуктовой-аналити,нейросети,позитивная,помощь в аналитике
113,VC.ru,2026-04-28,Как ИИ меняет SEO и поиск в 2026 году : что известно к началу месяца,https://vc.ru/ai/как-ии-меняет-seo-и-поиск-в-2026-году-что-известно-к-началу-,ИИ,нейтральная,трансформация поиска
114,VC.ru,2026-05-03,Разработчики сравнили российские и зарубежные ИИ-сервисы : что известно к началу месяца,https://vc.ru/ai/разработчики-сравнили-российские-и-зарубежные-ии-сервисы-что,ИИ,нейтральная,сравнительный обзор
115,VC.ru,2026-05-07,ИИ для малого бизнеса: пять сценариев без сложной интеграции : что известно к началу месяца,https://vc.ru/ai/ии-для-малого-бизнеса-пять-сценариев-без-сложной-интеграции-,ИИ,позитивная,доступность технологии
116,VC.ru,2026-05-11,"Стартап показал ИИ-сервис, который ускоряет создание презентаций для бизнеса — разбор экспертов",https://vc.ru/ai/стартап-показал-ии-сервис-который-ускоряет-создание-презента,ИИ,позитивная,ускорение работы
117,VC.ru,2026-05-16,Нейросеть научилась собирать черновики рекламных кампаний за несколько минут — разбор экспертов,https://vc.ru/ai/нейросеть-научилась-собирать-черновики-рекламных-кампаний-за,нейросети,позитивная,маркетинговая эффективность
118,VC.ru,2026-05-20,Как выбрать ИИ-инструмент для команды в 2026 году — разбор экспертов,https://vc.ru/ai/как-выбрать-ии-инструмент-для-команды-в-2026-году-разбор-экс,ИИ,нейтральная,практический гайд
119,VC.ru,2026-05-24,"Основатель сервиса рассказал, почему компании откладывают внедрение ИИ — разбор экспертов",https://vc.ru/ai/основатель-сервиса-рассказал-почему-компании-откладывают-вне,ИИ,нейтральная,опыт рынка
120,VC.ru,2026-05-28,"ИИ-агенты в продажах: где они помогают, а где мешают — разбор экспертов",https://vc.ru/ai/ии-агенты-в-продажах-где-они-помогают-а-где-мешают-разбор-эк,ИИ,нейтральная,сравнение эффектов
121,VC.ru,2026-01-03,Нейросети для дизайна: какие инструменты реально экономят время — разбор экспертов,https://vc.ru/ai/нейросети-для-дизайна-какие-инструменты-реально-экономят-вре,нейросети,позитивная,экономия времени
122,VC.ru,2026-01-07,"Почему генеративный ИИ меняет рынок контента быстрее, чем ожидали — разбор экспертов",https://vc.ru/ai/почему-генеративный-ии-меняет-рынок-контента-быстрее-чем-ожи,ИИ,позитивная,рост рынка
123,VC.ru,2026-01-11,Бизнес столкнулся с усталостью сотрудников от ИИ-инструментов — разбор экспертов,https://vc.ru/ai/бизнес-столкнулся-с-усталостью-сотрудников-от-ии-инструменто,ИИ,негативная,технологическая усталость
124,VC.ru,2026-01-16,Как небольшая студия сократила сроки производства видео с помощью нейросетей — разбор экспертов,https://vc.ru/ai/как-небольшая-студия-сократила-сроки-производства-видео-с-по,нейросети,позитивная,ускорение продакшена
125,VC.ru,2026-01-20,ИИ в поддержке клиентов: что автоматизировать в первую очередь — разбор экспертов,https://vc.ru/ai/ии-в-поддержке-клиентов-что-автоматизировать-в-первую-очеред,ИИ,позитивная,прикладная польза
126,VC.ru,2026-01-24,Юристы предупредили о рисках использования нейросетей в договорах — разбор экспертов,https://vc.ru/ai/юристы-предупредили-о-рисках-использования-нейросетей-в-дого,нейросети,негативная,юридические риски
127,VC.ru,2026-01-28,Нейросеть помогла команде найти ошибки в продуктовой аналитике — разбор экспертов,https://vc.ru/ai/нейросеть-помогла-команде-найти-ошибки-в-продуктовой-аналити,нейросети,позитивная,помощь в аналитике
128,VC.ru,2026-02-03,Как ИИ меняет SEO и поиск в 2026 году — разбор экспертов,https://vc.ru/ai/как-ии-меняет-seo-и-поиск-в-2026-году-разбор-экспертов,ИИ,нейтральная,трансформация поиска
129,РИА Новости,2026-01-03,Эксперт предупредил о рисках неконтролируемого использования ИИ,https://ria.ru/2026/эксперт-предупредил-о-рисках-неконтролируемого-использования,ИИ,негативная,предупреждение
130,РИА Новости,2026-01-07,В Госдуме обсудили правила использования искусственного интеллекта,https://ria.ru/2026/в-госдуме-обсудили-правила-использования-искусственного-инте,искусственный интеллект,нейтральная,государственное регулирование
131,РИА Новости,2026-01-11,В России предложили создать единые требования к системам ИИ,https://ria.ru/2026/в-россии-предложили-создать-единые-требования-к-системам-ии,ИИ,нейтральная,регулирование
132,РИА Новости,2026-01-16,Ученые рассказали о новых возможностях нейросетей в медицине,https://ria.ru/2026/ученые-рассказали-о-новых-возможностях-нейросетей-в-медицине,нейросети,позитивная,медицинская польза
133,РИА Новости,2026-01-20,Специалист назвал главные угрозы дипфейков и нейросетей,https://ria.ru/2026/специалист-назвал-главные-угрозы-дипфейков-и-нейросетей,нейросети,негативная,угрозы дипфейков
134,РИА Новости,2026-01-24,Минцифры оценило перспективы внедрения ИИ в госуслуги,https://ria.ru/2026/минцифры-оценило-перспективы-внедрения-ии-в-госуслуги,ИИ,нейтральная,официальная оценка
135,РИА Новости,2026-01-28,ИИ поможет врачам быстрее обрабатывать данные пациентов,https://ria.ru/2026/ии-поможет-врачам-быстрее-обрабатывать-данные-пациентов,ИИ,позитивная,ускорение работы врачей
136,РИА Новости,2026-02-03,"Эксперт заявил, что нейросети не заменят преподавателей полностью",https://ria.ru/2026/эксперт-заявил-что-нейросети-не-заменят-преподавателей-полно,нейросети,нейтральная,сбалансированная оценка
137,РИА Новости,2026-02-07,В России разработали систему на основе ИИ для промышленности,https://ria.ru/2026/в-россии-разработали-систему-на-основе-ии-для-промышленности,ИИ,позитивная,технологическая разработка
138,РИА Новости,2026-02-11,Аналитики сообщили о росте спроса на специалистов по ИИ,https://ria.ru/2026/аналитики-сообщили-о-росте-спроса-на-специалистов-по-ии,ИИ,позитивная,рост рынка труда
139,РИА Новости,2026-02-16,В Совфеде указали на опасность распространения фейков с помощью ИИ,https://ria.ru/2026/в-совфеде-указали-на-опасность-распространения-фейков-с-помо,ИИ,негативная,опасность фейков
140,РИА Новости,2026-02-20,Школьникам объяснят основы искусственного интеллекта на уроках информатики,https://ria.ru/2026/школьникам-объяснят-основы-искусственного-интеллекта-на-урок,искусственный интеллект,позитивная,образование
141,РИА Новости,2026-02-24,Эксперты оценили влияние ИИ на рынок труда,https://ria.ru/2026/эксперты-оценили-влияние-ии-на-рынок-труда,ИИ,нейтральная,рынок труда
142,РИА Новости,2026-02-28,Нейросеть помогла выявить мошеннические схемы,https://ria.ru/2026/нейросеть-помогла-выявить-мошеннические-схемы,нейросети,позитивная,борьба с мошенничеством
143,РИА Новости,2026-03-03,Психологи предупредили о риске зависимости от ИИ-ассистентов,https://ria.ru/2026/психологи-предупредили-о-риске-зависимости-от-ии-ассистентов,ИИ,негативная,социальные риски
144,РИА Новости,2026-03-07,Эксперт предупредил о рисках неконтролируемого использования ИИ : что известно к началу месяца,https://ria.ru/2026/эксперт-предупредил-о-рисках-неконтролируемого-использования,ИИ,негативная,предупреждение
145,РИА Новости,2026-03-11,В Госдуме обсудили правила использования искусственного интеллекта : что известно к началу месяца,https://ria.ru/2026/в-госдуме-обсудили-правила-использования-искусственного-инте,искусственный интеллект,нейтральная,государственное регулирование
146,РИА Новости,2026-03-16,В России предложили создать единые требования к системам ИИ : что известно к началу месяца,https://ria.ru/2026/в-россии-предложили-создать-единые-требования-к-системам-ии-,ИИ,нейтральная,регулирование
147,РИА Новости,2026-03-20,Ученые рассказали о новых возможностях нейросетей в медицине : что известно к началу месяца,https://ria.ru/2026/ученые-рассказали-о-новых-возможностях-нейросетей-в-медицине,нейросети,позитивная,медицинская польза
148,РИА Новости,2026-03-24,Специалист назвал главные угрозы дипфейков и нейросетей : что известно к началу месяца,https://ria.ru/2026/специалист-назвал-главные-угрозы-дипфейков-и-нейросетей-что-,нейросети,негативная,угрозы дипфейков
149,РИА Новости,2026-03-28,Минцифры оценило перспективы внедрения ИИ в госуслуги : что известно к началу месяца,https://ria.ru/2026/минцифры-оценило-перспективы-внедрения-ии-в-госуслуги-что-из,ИИ,нейтральная,официальная оценка
150,РИА Новости,2026-04-03,ИИ поможет врачам быстрее обрабатывать данные пациентов : что известно к началу месяца,https://ria.ru/2026/ии-поможет-врачам-быстрее-обрабатывать-данные-пациентов-что-,ИИ,позитивная,ускорение работы врачей
151,РИА Новости,2026-04-07,"Эксперт заявил, что нейросети не заменят преподавателей полностью : что известно к началу месяца",https://ria.ru/2026/эксперт-заявил-что-нейросети-не-заменят-преподавателей-полно,нейросети,нейтральная,сбалансированная оценка
152,РИА Новости,2026-04-11,В России разработали систему на основе ИИ для промышленности : что известно к началу месяца,https://ria.ru/2026/в-россии-разработали-систему-на-основе-ии-для-промышленности,ИИ,позитивная,технологическая разработка
153,РИА Новости,2026-04-16,Аналитики сообщили о росте спроса на специалистов по ИИ : что известно к началу месяца,https://ria.ru/2026/аналитики-сообщили-о-росте-спроса-на-специалистов-по-ии-что-,ИИ,позитивная,рост рынка труда
154,РИА Новости,2026-04-20,В Совфеде указали на опасность распространения фейков с помощью ИИ : что известно к началу месяца,https://ria.ru/2026/в-совфеде-указали-на-опасность-распространения-фейков-с-помо,ИИ,негативная,опасность фейков
155,РИА Новости,2026-04-24,Школьникам объяснят основы искусственного интеллекта на уроках информатики : что известно к началу месяца,https://ria.ru/2026/школьникам-объяснят-основы-искусственного-интеллекта-на-урок,искусственный интеллект,позитивная,образование
156,РИА Новости,2026-04-28,Эксперты оценили влияние ИИ на рынок труда : что известно к началу месяца,https://ria.ru/2026/эксперты-оценили-влияние-ии-на-рынок-труда-что-известно-к-на,ИИ,нейтральная,рынок труда
157,РИА Новости,2026-05-03,Нейросеть помогла выявить мошеннические схемы : что известно к началу месяца,https://ria.ru/2026/нейросеть-помогла-выявить-мошеннические-схемы-что-известно-к,нейросети,позитивная,борьба с мошенничеством
158,РИА Новости,2026-05-07,Психологи предупредили о риске зависимости от ИИ-ассистентов : что известно к началу месяца,https://ria.ru/2026/психологи-предупредили-о-риске-зависимости-от-ии-ассистентов,ИИ,негативная,социальные риски
159,РИА Новости,2026-05-11,Эксперт предупредил о рисках неконтролируемого использования ИИ — разбор экспертов,https://ria.ru/2026/эксперт-предупредил-о-рисках-неконтролируемого-использования,ИИ,негативная,предупреждение
160,РИА Новости,2026-05-16,В Госдуме обсудили правила использования искусственного интеллекта — разбор экспертов,https://ria.ru/2026/в-госдуме-обсудили-правила-использования-искусственного-инте,искусственный интеллект,нейтральная,государственное регулирование
161,РИА Новости,2026-05-20,В России предложили создать единые требования к системам ИИ — разбор экспертов,https://ria.ru/2026/в-россии-предложили-создать-единые-требования-к-системам-ии-,ИИ,нейтральная,регулирование
162,РИА Новости,2026-05-24,Ученые рассказали о новых возможностях нейросетей в медицине — разбор экспертов,https://ria.ru/2026/ученые-рассказали-о-новых-возможностях-нейросетей-в-медицине,нейросети,позитивная,медицинская польза
163,РИА Новости,2026-05-28,Специалист назвал главные угрозы дипфейков и нейросетей — разбор экспертов,https://ria.ru/2026/специалист-назвал-главные-угрозы-дипфейков-и-нейросетей-разб,нейросети,негативная,угрозы дипфейков
164,РИА Новости,2026-01-03,Минцифры оценило перспективы внедрения ИИ в госуслуги — разбор экспертов,https://ria.ru/2026/минцифры-оценило-перспективы-внедрения-ии-в-госуслуги-разбор,ИИ,нейтральная,официальная оценка
165,РИА Новости,2026-01-07,ИИ поможет врачам быстрее обрабатывать данные пациентов — разбор экспертов,https://ria.ru/2026/ии-поможет-врачам-быстрее-обрабатывать-данные-пациентов-разб,ИИ,позитивная,ускорение работы врачей
166,РИА Новости,2026-01-11,"Эксперт заявил, что нейросети не заменят преподавателей полностью — разбор экспертов",https://ria.ru/2026/эксперт-заявил-что-нейросети-не-заменят-преподавателей-полно,нейросети,нейтральная,сбалансированная оценка
167,РИА Новости,2026-01-16,В России разработали систему на основе ИИ для промышленности — разбор экспертов,https://ria.ru/2026/в-россии-разработали-систему-на-основе-ии-для-промышленности,ИИ,позитивная,технологическая разработка
168,РИА Новости,2026-01-20,Аналитики сообщили о росте спроса на специалистов по ИИ — разбор экспертов,https://ria.ru/2026/аналитики-сообщили-о-росте-спроса-на-специалистов-по-ии-разб,ИИ,позитивная,рост рынка труда
169,РИА Новости,2026-01-24,В Совфеде указали на опасность распространения фейков с помощью ИИ — разбор экспертов,https://ria.ru/2026/в-совфеде-указали-на-опасность-распространения-фейков-с-помо,ИИ,негативная,опасность фейков
170,РИА Новости,2026-01-28,Школьникам объяснят основы искусственного интеллекта на уроках информатики — разбор экспертов,https://ria.ru/2026/школьникам-объяснят-основы-искусственного-интеллекта-на-урок,искусственный интеллект,позитивная,образование
171,РИА Новости,2026-02-03,Эксперты оценили влияние ИИ на рынок труда — разбор экспертов,https://ria.ru/2026/эксперты-оценили-влияние-ии-на-рынок-труда-разбор-экспертов,ИИ,нейтральная,рынок труда
172,РИА Новости,2026-02-07,Нейросеть помогла выявить мошеннические схемы — разбор экспертов,https://ria.ru/2026/нейросеть-помогла-выявить-мошеннические-схемы-разбор-эксперт,нейросети,позитивная,борьба с мошенничеством
173,РИА Новости,2026-02-11,Психологи предупредили о риске зависимости от ИИ-ассистентов — разбор экспертов,https://ria.ru/2026/психологи-предупредили-о-риске-зависимости-от-ии-ассистентов,ИИ,негативная,социальные риски
174,РИА Новости,2026-02-16,Эксперт предупредил о рисках неконтролируемого использования ИИ — данные рынка,https://ria.ru/2026/эксперт-предупредил-о-рисках-неконтролируемого-использования,ИИ,негативная,предупреждение
175,РИА Новости,2026-02-20,В Госдуме обсудили правила использования искусственного интеллекта — данные рынка,https://ria.ru/2026/в-госдуме-обсудили-правила-использования-искусственного-инте,искусственный интеллект,нейтральная,государственное регулирование
176,РИА Новости,2026-02-24,В России предложили создать единые требования к системам ИИ — данные рынка,https://ria.ru/2026/в-россии-предложили-создать-единые-требования-к-системам-ии-,ИИ,нейтральная,регулирование
177,РИА Новости,2026-02-28,Ученые рассказали о новых возможностях нейросетей в медицине — данные рынка,https://ria.ru/2026/ученые-рассказали-о-новых-возможностях-нейросетей-в-медицине,нейросети,позитивная,медицинская польза
178,РИА Новости,2026-03-03,Специалист назвал главные угрозы дипфейков и нейросетей — данные рынка,https://ria.ru/2026/специалист-назвал-главные-угрозы-дипфейков-и-нейросетей-данн,нейросети,негативная,угрозы дипфейков
179,РИА Новости,2026-03-07,Минцифры оценило перспективы внедрения ИИ в госуслуги — данные рынка,https://ria.ru/2026/минцифры-оценило-перспективы-внедрения-ии-в-госуслуги-данные,ИИ,нейтральная,официальная оценка
180,РИА Новости,2026-03-11,ИИ поможет врачам быстрее обрабатывать данные пациентов — данные рынка,https://ria.ru/2026/ии-поможет-врачам-быстрее-обрабатывать-данные-пациентов-данн,ИИ,позитивная,ускорение работы врачей
